<?xml version="1.0" encoding="UTF-8"?>
<export version="E">
  <design>
    <source>/data/repo.mbed/tp4056/tp4056_kicad6_base/tp4056.kicad_sch</source>
    <date>Tue 29 Mar 2022 10:57:33 AM EEST</date>
    <tool>Eeschema 6.0.4-6f826c9f35~116~ubuntu20.04.1</tool>
    <sheet number="1" name="/" tstamps="/">
      <title_block>
        <title/>
        <company/>
        <rev/>
        <date/>
        <source>tp4056.kicad_sch</source>
        <comment number="1" value=""/>
        <comment number="2" value=""/>
        <comment number="3" value=""/>
        <comment number="4" value=""/>
        <comment number="5" value=""/>
        <comment number="6" value=""/>
        <comment number="7" value=""/>
        <comment number="8" value=""/>
        <comment number="9" value=""/>
      </title_block>
    </sheet>
  </design>
  <components>
    <comp ref="C1">
      <value>0.1uF</value>
      <footprint>Capacitor_SMD:C_0805_2012Metric_Pad1.18x1.45mm_HandSolder</footprint>
      <libsource lib="Device" part="C" description="Unpolarized capacitor"/>
      <property name="Sheetname" value=""/>
      <property name="Sheetfile" value="tp4056.kicad_sch"/>
      <sheetpath names="/" tstamps="/"/>
      <tstamps>7870a9db-0a4b-4ce4-a426-dcf645359822</tstamps>
    </comp>
    <comp ref="C2">
      <value>10uF</value>
      <footprint>Capacitor_SMD:C_0805_2012Metric_Pad1.18x1.45mm_HandSolder</footprint>
      <libsource lib="Device" part="C" description="Unpolarized capacitor"/>
      <property name="Sheetname" value=""/>
      <property name="Sheetfile" value="tp4056.kicad_sch"/>
      <sheetpath names="/" tstamps="/"/>
      <tstamps>096fd1b0-6cc0-4eae-b03f-33b0d6d653a4</tstamps>
    </comp>
    <comp ref="C3">
      <value>0.1uF</value>
      <footprint>Capacitor_SMD:C_0805_2012Metric_Pad1.18x1.45mm_HandSolder</footprint>
      <libsource lib="Device" part="C" description="Unpolarized capacitor"/>
      <property name="Sheetname" value=""/>
      <property name="Sheetfile" value="tp4056.kicad_sch"/>
      <sheetpath names="/" tstamps="/"/>
      <tstamps>69a02753-b805-4bca-8e07-642f4529003a</tstamps>
    </comp>
    <comp ref="D1">
      <value>LED</value>
      <footprint>LED_SMD:LED_0805_2012Metric_Pad1.15x1.40mm_HandSolder</footprint>
      <libsource lib="Device" part="LED" description="Light emitting diode"/>
      <property name="Sheetname" value=""/>
      <property name="Sheetfile" value="tp4056.kicad_sch"/>
      <sheetpath names="/" tstamps="/"/>
      <tstamps>35d00ad5-28b1-4a54-8c44-b8392be9929e</tstamps>
    </comp>
    <comp ref="D2">
      <value>~</value>
      <footprint>LED_SMD:LED_0805_2012Metric_Pad1.15x1.40mm_HandSolder</footprint>
      <libsource lib="Device" part="LED" description="Light emitting diode"/>
      <property name="Sheetname" value=""/>
      <property name="Sheetfile" value="tp4056.kicad_sch"/>
      <sheetpath names="/" tstamps="/"/>
      <tstamps>7f0062b4-e7f2-4234-af31-125472e340b7</tstamps>
    </comp>
    <comp ref="J1">
      <value>USB_B_Micro</value>
      <footprint>usb_footprint:tp4056_USB_Micro-B_Molex_47346-0001_fix</footprint>
      <libsource lib="Connector" part="USB_B_Micro" description="USB Micro Type B connector"/>
      <property name="Sheetname" value=""/>
      <property name="Sheetfile" value="tp4056.kicad_sch"/>
      <sheetpath names="/" tstamps="/"/>
      <tstamps>ff08e3fa-c419-4101-acf6-7d150274f530</tstamps>
    </comp>
    <comp ref="J2">
      <value>Conn_01x01_Female</value>
      <footprint>Connector_PinSocket_2.54mm:PinSocket_1x01_P2.54mm_Vertical</footprint>
      <libsource lib="Connector" part="Conn_01x01_Female" description="Generic connector, single row, 01x01, script generated (kicad-library-utils/schlib/autogen/connector/)"/>
      <property name="Sheetname" value=""/>
      <property name="Sheetfile" value="tp4056.kicad_sch"/>
      <sheetpath names="/" tstamps="/"/>
      <tstamps>f5af9e6d-b38e-432e-8453-2d6df2b3d8c9</tstamps>
    </comp>
    <comp ref="J3">
      <value>Conn_01x01_Female</value>
      <footprint>Connector_PinSocket_2.54mm:PinSocket_1x01_P2.54mm_Vertical</footprint>
      <libsource lib="Connector" part="Conn_01x01_Female" description="Generic connector, single row, 01x01, script generated (kicad-library-utils/schlib/autogen/connector/)"/>
      <property name="Sheetname" value=""/>
      <property name="Sheetfile" value="tp4056.kicad_sch"/>
      <sheetpath names="/" tstamps="/"/>
      <tstamps>cd3be960-f977-45a5-a8a9-730006fbe4e8</tstamps>
    </comp>
    <comp ref="J4">
      <value>Conn_01x01_Female</value>
      <footprint>Connector_PinSocket_2.54mm:PinSocket_1x01_P2.54mm_Vertical</footprint>
      <libsource lib="Connector" part="Conn_01x01_Female" description="Generic connector, single row, 01x01, script generated (kicad-library-utils/schlib/autogen/connector/)"/>
      <property name="Sheetname" value=""/>
      <property name="Sheetfile" value="tp4056.kicad_sch"/>
      <sheetpath names="/" tstamps="/"/>
      <tstamps>aa1bbba1-f8f2-4b86-8583-1501713854a3</tstamps>
    </comp>
    <comp ref="J5">
      <value>Conn_01x01_Female</value>
      <footprint>Connector_PinSocket_2.54mm:PinSocket_1x01_P2.54mm_Vertical</footprint>
      <libsource lib="Connector" part="Conn_01x01_Female" description="Generic connector, single row, 01x01, script generated (kicad-library-utils/schlib/autogen/connector/)"/>
      <property name="Sheetname" value=""/>
      <property name="Sheetfile" value="tp4056.kicad_sch"/>
      <sheetpath names="/" tstamps="/"/>
      <tstamps>fad7507f-f45f-49ad-9c0b-623360c62854</tstamps>
    </comp>
    <comp ref="J6">
      <value>Conn_01x01_Female</value>
      <footprint>Connector_PinSocket_2.54mm:PinSocket_1x01_P2.54mm_Vertical</footprint>
      <libsource lib="Connector" part="Conn_01x01_Female" description="Generic connector, single row, 01x01, script generated (kicad-library-utils/schlib/autogen/connector/)"/>
      <property name="Sheetname" value=""/>
      <property name="Sheetfile" value="tp4056.kicad_sch"/>
      <sheetpath names="/" tstamps="/"/>
      <tstamps>8bebbd79-3b69-46a4-996d-68e9d4104f5f</tstamps>
    </comp>
    <comp ref="J7">
      <value>Conn_01x01_Female</value>
      <footprint>Connector_PinSocket_2.54mm:PinSocket_1x01_P2.54mm_Vertical</footprint>
      <libsource lib="Connector" part="Conn_01x01_Female" description="Generic connector, single row, 01x01, script generated (kicad-library-utils/schlib/autogen/connector/)"/>
      <property name="Sheetname" value=""/>
      <property name="Sheetfile" value="tp4056.kicad_sch"/>
      <sheetpath names="/" tstamps="/"/>
      <tstamps>b9c32e05-10c8-4e42-815e-27e488ff3dfe</tstamps>
    </comp>
    <comp ref="R1">
      <value>1k</value>
      <footprint>Resistor_SMD:R_0603_1608Metric_Pad0.98x0.95mm_HandSolder</footprint>
      <libsource lib="Device" part="R" description="Resistor"/>
      <property name="Sheetname" value=""/>
      <property name="Sheetfile" value="tp4056.kicad_sch"/>
      <sheetpath names="/" tstamps="/"/>
      <tstamps>3e022b44-35d1-4935-8d3d-5b9a3b1d547e</tstamps>
    </comp>
    <comp ref="R2">
      <value>1k</value>
      <footprint>Resistor_SMD:R_0603_1608Metric_Pad0.98x0.95mm_HandSolder</footprint>
      <libsource lib="Device" part="R" description="Resistor"/>
      <property name="Sheetname" value=""/>
      <property name="Sheetfile" value="tp4056.kicad_sch"/>
      <sheetpath names="/" tstamps="/"/>
      <tstamps>d2d6d04c-46b9-4070-b91b-9b51ac4842bd</tstamps>
    </comp>
    <comp ref="R3">
      <value>10k</value>
      <footprint>Resistor_SMD:R_0805_2012Metric_Pad1.20x1.40mm_HandSolder</footprint>
      <libsource lib="Device" part="R" description="Resistor"/>
      <property name="Sheetname" value=""/>
      <property name="Sheetfile" value="tp4056.kicad_sch"/>
      <sheetpath names="/" tstamps="/"/>
      <tstamps>7f69b5a7-c09c-4cc5-8536-b50bc342272d</tstamps>
    </comp>
    <comp ref="R4">
      <value>1k</value>
      <footprint>Resistor_SMD:R_0603_1608Metric_Pad0.98x0.95mm_HandSolder</footprint>
      <libsource lib="Device" part="R" description="Resistor"/>
      <property name="Sheetname" value=""/>
      <property name="Sheetfile" value="tp4056.kicad_sch"/>
      <sheetpath names="/" tstamps="/"/>
      <tstamps>902308c6-0c1c-4c79-b41c-be4529a55967</tstamps>
    </comp>
    <comp ref="R5">
      <value>100</value>
      <footprint>Resistor_SMD:R_0805_2012Metric_Pad1.20x1.40mm_HandSolder</footprint>
      <libsource lib="Device" part="R" description="Resistor"/>
      <property name="Sheetname" value=""/>
      <property name="Sheetfile" value="tp4056.kicad_sch"/>
      <sheetpath names="/" tstamps="/"/>
      <tstamps>97e6f81e-2627-47c9-aed2-49cd786bcafc</tstamps>
    </comp>
    <comp ref="R6">
      <value>ZERO</value>
      <footprint>Resistor_SMD:R_1206_3216Metric_Pad1.30x1.75mm_HandSolder</footprint>
      <libsource lib="Device" part="R" description="Resistor"/>
      <property name="Sheetname" value=""/>
      <property name="Sheetfile" value="tp4056.kicad_sch"/>
      <sheetpath names="/" tstamps="/"/>
      <tstamps>edb59100-665a-4344-b9e1-40a9c55e508a</tstamps>
    </comp>
    <comp ref="U1">
      <value>TP4056</value>
      <footprint>Package_SO:SOIC-8-1EP_3.9x4.9mm_P1.27mm_EP2.29x3mm</footprint>
      <libsource lib="tp4056" part="TP4056" description="TP4056"/>
      <property name="Sheetname" value=""/>
      <property name="Sheetfile" value="tp4056.kicad_sch"/>
      <sheetpath names="/" tstamps="/"/>
      <tstamps>404df2ec-b035-42d3-b6dd-7c72e0043d20</tstamps>
    </comp>
    <comp ref="U2">
      <value>DW01</value>
      <footprint>Package_TO_SOT_SMD:SOT-23-6_Handsoldering</footprint>
      <libsource lib="dw01" part="DW01" description=""/>
      <property name="Sheetname" value=""/>
      <property name="Sheetfile" value="tp4056.kicad_sch"/>
      <sheetpath names="/" tstamps="/"/>
      <tstamps>4ad86402-8fdb-4d2f-9da7-d27cd988e6cf</tstamps>
    </comp>
    <comp ref="U3">
      <value>FS8205A</value>
      <footprint>Package_TO_SOT_SMD:SOT-23-6_Handsoldering</footprint>
      <libsource lib="fs8205" part="FS8205A" description="FS8205A"/>
      <property name="Sheetname" value=""/>
      <property name="Sheetfile" value="tp4056.kicad_sch"/>
      <sheetpath names="/" tstamps="/"/>
      <tstamps>d1e9c36d-25c5-48e3-8f6e-81c17ab586db</tstamps>
    </comp>
  </components>
  <libparts>
    <libpart lib="Connector" part="Conn_01x01_Female">
      <description>Generic connector, single row, 01x01, script generated (kicad-library-utils/schlib/autogen/connector/)</description>
      <docs>~</docs>
      <footprints>
        <fp>Connector*:*</fp>
      </footprints>
      <fields>
        <field name="Reference">J</field>
        <field name="Value">Conn_01x01_Female</field>
        <field name="Datasheet">~</field>
      </fields>
      <pins>
        <pin num="1" name="Pin_1" type="passive"/>
      </pins>
    </libpart>
    <libpart lib="Connector" part="USB_B_Micro">
      <description>USB Micro Type B connector</description>
      <docs>~</docs>
      <footprints>
        <fp>USB*</fp>
      </footprints>
      <fields>
        <field name="Reference">J</field>
        <field name="Value">USB_B_Micro</field>
        <field name="Datasheet">~</field>
      </fields>
      <pins>
        <pin num="1" name="VBUS" type="power_out"/>
        <pin num="2" name="D-" type="bidirectional"/>
        <pin num="3" name="D+" type="bidirectional"/>
        <pin num="4" name="ID" type="passive"/>
        <pin num="5" name="GND" type="power_out"/>
        <pin num="6" name="Shield" type="passive"/>
      </pins>
    </libpart>
    <libpart lib="Device" part="C">
      <description>Unpolarized capacitor</description>
      <docs>~</docs>
      <footprints>
        <fp>C_*</fp>
      </footprints>
      <fields>
        <field name="Reference">C</field>
        <field name="Value">C</field>
        <field name="Datasheet">~</field>
      </fields>
      <pins>
        <pin num="1" name="" type="passive"/>
        <pin num="2" name="" type="passive"/>
      </pins>
    </libpart>
    <libpart lib="Device" part="LED">
      <description>Light emitting diode</description>
      <docs>~</docs>
      <footprints>
        <fp>LED*</fp>
        <fp>LED_SMD:*</fp>
        <fp>LED_THT:*</fp>
      </footprints>
      <fields>
        <field name="Reference">D</field>
        <field name="Value">LED</field>
        <field name="Datasheet">~</field>
      </fields>
      <pins>
        <pin num="1" name="K" type="passive"/>
        <pin num="2" name="A" type="passive"/>
      </pins>
    </libpart>
    <libpart lib="Device" part="R">
      <description>Resistor</description>
      <docs>~</docs>
      <footprints>
        <fp>R_*</fp>
      </footprints>
      <fields>
        <field name="Reference">R</field>
        <field name="Value">R</field>
        <field name="Datasheet">~</field>
      </fields>
      <pins>
        <pin num="1" name="" type="passive"/>
        <pin num="2" name="" type="passive"/>
      </pins>
    </libpart>
    <libpart lib="dw01" part="DW01">
      <fields>
        <field name="Reference">U</field>
        <field name="Value">DW01</field>
        <field name="Footprint">Package_TO_SOT_SMD:SOT-23-6_Handsoldering</field>
      </fields>
      <pins>
        <pin num="1" name="OD" type="input"/>
        <pin num="2" name="CS" type="input"/>
        <pin num="3" name="OC" type="input"/>
        <pin num="4" name="TD" type="input"/>
        <pin num="5" name="VCC" type="input"/>
        <pin num="6" name="GND" type="input"/>
      </pins>
    </libpart>
    <libpart lib="fs8205" part="FS8205A">
      <description>FS8205A</description>
      <fields>
        <field name="Reference">U</field>
        <field name="Value">FS8205A</field>
        <field name="Footprint">Package_TO_SOT_SMD:SOT-23-6_Handsoldering</field>
      </fields>
      <pins>
        <pin num="1" name="S1" type="input"/>
        <pin num="2" name="D1D2" type="input"/>
        <pin num="3" name="S2" type="input"/>
        <pin num="4" name="G2" type="input"/>
        <pin num="5" name="D1D2" type="input"/>
        <pin num="6" name="G1" type="input"/>
      </pins>
    </libpart>
    <libpart lib="tp4056" part="TP4056">
      <description>TP4056</description>
      <fields>
        <field name="Reference">U</field>
        <field name="Value">TP4056</field>
        <field name="Footprint">Package_SO:SOIC-8-1EP_3.9x4.9mm_P1.27mm_EP2.29x3mm</field>
      </fields>
      <pins>
        <pin num="1" name="TEMP" type="input"/>
        <pin num="2" name="PROG" type="input"/>
        <pin num="3" name="GND" type="input"/>
        <pin num="4" name="VCC" type="input"/>
        <pin num="5" name="BAT" type="input"/>
        <pin num="6" name="~{STDBY}" type="input"/>
        <pin num="7" name="~{CHRG}" type="input"/>
        <pin num="8" name="CE" type="input"/>
        <pin num="9" name="PP" type="input"/>
      </pins>
    </libpart>
  </libparts>
  <libraries>
    <library logical="Connector">
      <uri>/usr/share/kicad/symbols//Connector.kicad_sym</uri>
    </library>
    <library logical="Device">
      <uri>/usr/share/kicad/symbols//Device.kicad_sym</uri>
    </library>
    <library logical="dw01">
      <uri>/data/repo.mbed/tp4056/tp4056_kicad6_base/symbol_lib/dw01.kicad_sym</uri>
    </library>
    <library logical="fs8205">
      <uri>/data/repo.mbed/tp4056/tp4056_kicad6_base/symbol_lib/fs8205.kicad_sym</uri>
    </library>
    <library logical="tp4056">
      <uri>/data/repo.mbed/tp4056/tp4056_kicad6_base/symbol_lib/tp4056.kicad_sym</uri>
    </library>
  </libraries>
  <nets>
    <net code="1" name="/G1">
      <node ref="U2" pin="1" pinfunction="OD" pintype="input"/>
      <node ref="U3" pin="6" pinfunction="G1" pintype="input"/>
    </net>
    <net code="2" name="/G2">
      <node ref="R6" pin="2" pintype="passive"/>
      <node ref="U3" pin="4" pinfunction="G2" pintype="input"/>
    </net>
    <net code="3" name="/OC">
      <node ref="R6" pin="1" pintype="passive"/>
      <node ref="U2" pin="3" pinfunction="OC" pintype="input"/>
    </net>
    <net code="4" name="BAT+">
      <node ref="C2" pin="1" pintype="passive"/>
      <node ref="J6" pin="1" pinfunction="Pin_1" pintype="passive"/>
      <node ref="J7" pin="1" pinfunction="Pin_1" pintype="passive"/>
      <node ref="R5" pin="1" pintype="passive"/>
      <node ref="U1" pin="5" pinfunction="BAT" pintype="input"/>
    </net>
    <net code="5" name="BAT-">
      <node ref="C3" pin="2" pintype="passive"/>
      <node ref="J4" pin="1" pinfunction="Pin_1" pintype="passive"/>
      <node ref="U2" pin="6" pinfunction="GND" pintype="input"/>
      <node ref="U3" pin="1" pinfunction="S1" pintype="input"/>
    </net>
    <net code="6" name="GND">
      <node ref="C1" pin="2" pintype="passive"/>
      <node ref="C2" pin="2" pintype="passive"/>
      <node ref="J1" pin="5" pinfunction="GND" pintype="power_out"/>
      <node ref="J2" pin="1" pinfunction="Pin_1" pintype="passive"/>
      <node ref="J5" pin="1" pinfunction="Pin_1" pintype="passive"/>
      <node ref="R3" pin="2" pintype="passive"/>
      <node ref="R4" pin="1" pintype="passive"/>
      <node ref="U1" pin="1" pinfunction="TEMP" pintype="input"/>
      <node ref="U1" pin="3" pinfunction="GND" pintype="input"/>
      <node ref="U3" pin="3" pinfunction="S2" pintype="input"/>
    </net>
    <net code="7" name="Net-(C3-Pad1)">
      <node ref="C3" pin="1" pintype="passive"/>
      <node ref="R5" pin="2" pintype="passive"/>
      <node ref="U2" pin="5" pinfunction="VCC" pintype="input"/>
    </net>
    <net code="8" name="Net-(D1-Pad1)">
      <node ref="D1" pin="1" pinfunction="K" pintype="passive"/>
      <node ref="R1" pin="1" pintype="passive"/>
    </net>
    <net code="9" name="Net-(D2-Pad1)">
      <node ref="D2" pin="1" pinfunction="K" pintype="passive"/>
      <node ref="R2" pin="1" pintype="passive"/>
    </net>
    <net code="10" name="Net-(R1-Pad2)">
      <node ref="R1" pin="2" pintype="passive"/>
      <node ref="U1" pin="7" pinfunction="~{CHRG}" pintype="input"/>
    </net>
    <net code="11" name="Net-(R2-Pad2)">
      <node ref="R2" pin="2" pintype="passive"/>
      <node ref="U1" pin="6" pinfunction="~{STDBY}" pintype="input"/>
    </net>
    <net code="12" name="Net-(R3-Pad1)">
      <node ref="R3" pin="1" pintype="passive"/>
      <node ref="U1" pin="2" pinfunction="PROG" pintype="input"/>
    </net>
    <net code="13" name="Net-(R4-Pad2)">
      <node ref="R4" pin="2" pintype="passive"/>
      <node ref="U2" pin="2" pinfunction="CS" pintype="input"/>
    </net>
    <net code="14" name="VIN">
      <node ref="C1" pin="1" pintype="passive"/>
      <node ref="D1" pin="2" pinfunction="A" pintype="passive"/>
      <node ref="D2" pin="2" pinfunction="A" pintype="passive"/>
      <node ref="J1" pin="1" pinfunction="VBUS" pintype="power_out"/>
      <node ref="J3" pin="1" pinfunction="Pin_1" pintype="passive"/>
      <node ref="U1" pin="4" pinfunction="VCC" pintype="input"/>
      <node ref="U1" pin="8" pinfunction="CE" pintype="input"/>
      <node ref="U1" pin="9" pinfunction="PP" pintype="input"/>
    </net>
    <net code="15" name="unconnected-(J1-Pad2)">
      <node ref="J1" pin="2" pinfunction="D-" pintype="bidirectional+no_connect"/>
    </net>
    <net code="16" name="unconnected-(J1-Pad3)">
      <node ref="J1" pin="3" pinfunction="D+" pintype="bidirectional+no_connect"/>
    </net>
    <net code="17" name="unconnected-(J1-Pad4)">
      <node ref="J1" pin="4" pinfunction="ID" pintype="passive+no_connect"/>
    </net>
    <net code="18" name="unconnected-(J1-Pad6)">
      <node ref="J1" pin="6" pinfunction="Shield" pintype="passive+no_connect"/>
    </net>
    <net code="19" name="unconnected-(U2-Pad4)">
      <node ref="U2" pin="4" pinfunction="TD" pintype="input+no_connect"/>
    </net>
    <net code="20" name="unconnected-(U3-Pad2)">
      <node ref="U3" pin="2" pinfunction="D1D2" pintype="input+no_connect"/>
    </net>
    <net code="21" name="unconnected-(U3-Pad5)">
      <node ref="U3" pin="5" pinfunction="D1D2" pintype="input+no_connect"/>
    </net>
  </nets>
</export>
